{"pose_29": {"rw": 1.0, "rx": 0.0, "ry": 0.0, "rz": 0.028, "x": 2.6958823529411764, "y": -2.505, "z": 0.0}, "pose_1": {"rw": 1.0, "rx": 0.0, "ry": 0.0, "rz": 0.019, "x": 7.110352941176472, "y": -2.43, "z": 0.0}, "pose_3": {"rw": 0.712, "rx": 0.0, "ry": 0.0, "rz": 0.702, "x": 19.859851851851857, "y": 1.7334444444444446, "z": 0.0}, "pose_4": {"rw": 0.696, "rx": 0.0, "ry": 0.0, "rz": 0.718, "x": 19.925904761904754, "y": 22.00976190476191, "z": 0.0}, "pose_5": {"rw": 1.0, "rx": 0.0, "ry": 0.0, "rz": 0.006, "x": 31.598956521739133, "y": 26.72786956521739, "z": 0.0}, "pose_6": {"rw": 1.0, "rx": 0.0, "ry": 0.0, "rz": 0.006, "x": 49.88837500000002, "y": 26.738874999999997, "z": 0.0}, "pose_7": {"rw": 1.0, "rx": 0.0, "ry": 0.0, "rz": 0.01, "x": 66.11066666666663, "y": 26.715208333333333, "z": 0.0}, "pose_8": {"rw": 1.0, "rx": 0.0, "ry": 0.0, "rz": 0.016, "x": 84.37852941176469, "y": 26.65629411764706, "z": 0.0}, "pose_9": {"rw": 1.0, "rx": 0.0, "ry": 0.0, "rz": 0.002, "x": 103.38319999999997, "y": 26.673, "z": 0.0}, "pose_10": {"rw": 1.0, "rx": 0.0, "ry": 0.0, "rz": 0.003, "x": 120.13350000000003, "y": 26.658999999999995, "z": 0.0}, "pose_11": {"rw": 0.704, "rx": 0.0, "ry": 0.0, "rz": 0.71, "x": 128.18899999999996, "y": 28.583260869565212, "z": 0.0}, "pose_12": {"rw": 0.714, "rx": 0.0, "ry": 0.0, "rz": 0.7, "x": 128.10200000000003, "y": 36.1174375, "z": 0.0}, "pose_13": {"rw": -0.661, "rx": -0.0, "ry": 0.0, "rz": 0.75, "x": 122.45254545454544, "y": 37.992136363636355, "z": 0.0}, "pose_14": {"rw": -0.715, "rx": -0.0, "ry": 0.0, "rz": 0.7, "x": 122.36699999999998, "y": 33.46520000000001, "z": 0.0}, "pose_15": {"rw": 0.002, "rx": 0.0, "ry": 0.0, "rz": 1.0, "x": 114.34912499999997, "y": 28.492000000000008, "z": 0.0}, "pose_16": {"rw": -0.501, "rx": -0.0, "ry": 0.0, "rz": 0.866, "x": 97.9923333333333, "y": 28.538999999999994, "z": 0.0}, "pose_17": {"rw": -0.017, "rx": -0.0, "ry": 0.0, "rz": 1.0, "x": 75.14463636363637, "y": 28.55027272727274, "z": 0.0}, "pose_18": {"rw": -0.011, "rx": -0.0, "ry": 0.0, "rz": 1.0, "x": 61.60607142857142, "y": 28.586857142857138, "z": 0.0}, "pose_19": {"rw": -0.013, "rx": -0.0, "ry": 0.0, "rz": 1.0, "x": 44.11268750000001, "y": 28.520875000000007, "z": 0.0}, "pose_20": {"rw": 0.016, "rx": 0.0, "ry": 0.0, "rz": 1.0, "x": 22.353846153846145, "y": 28.51592307692308, "z": 0.0}, "pose_21": {"rw": -0.018, "rx": -0.0, "ry": 0.0, "rz": 1.0, "x": 11.752499999999998, "y": 28.488, "z": 0.0}, "pose_22": {"rw": -0.018, "rx": -0.0, "ry": 0.0, "rz": 1.0, "x": 3.0780769230769236, "y": 28.543999999999997, "z": 0.0}, "pose_23": {"rw": -0.708, "rx": -0.0, "ry": 0.0, "rz": 0.707, "x": 1.7399999999999995, "y": 24.167142857142863, "z": 0.0}, "pose_24": {"rw": -0.713, "rx": -0.0, "ry": 0.0, "rz": 0.702, "x": 1.7199999999999998, "y": 20.835733333333334, "z": 0.0}, "pose_25": {"rw": -0.707, "rx": -0.0, "ry": 0.0, "rz": 0.707, "x": 1.7379999999999998, "y": 17.7975, "z": 0.0}, "pose_26": {"rw": -0.715, "rx": -0.0, "ry": 0.0, "rz": 0.699, "x": 1.7269999999999996, "y": 5.06340909090909, "z": 0.0}}